Base Folder,Mesh Folder,Chamfer Distance,Hausdorff Distance
096,./096/colt_1911,0.20476593540833773,0.33198596215105014
